steering_range,lower_bound_1,lower_bound_2,lower_bound_3,lower_bound_4,lower_bound_5,lower_bound_6,lower_bound_7,lower_bound_8,upper_bound_1,upper_bound_2,upper_bound_3,upper_bound_4,upper_bound_5,upper_bound_6,upper_bound_7,upper_bound_8
-0.40 to -0.15,-2.2669578,-1.2258571,0.5380523,-1.3337469,-2.9287329,-4.5545473,-3.396562,-4.0259647,1.9868273,4.9576564,5.488029,2.191017,0.9728026,-0.031728312,1.0713198,2.0591555
-0.15 to 0.15,-3.8143282,-1.0556715,-0.73532903,-3.8505826,-4.2739263,-4.61362,-4.8552947,-4.01941,2.0300786,5.259947,5.377919,1.9400742,1.3752266,1.5271026,1.128965,2.0149827
0.15 to 0.40,-1.0721645,1.2798989,0.13610841,-2.4166422,-2.8502321,-2.517639,-5.199146,-1.1863538,1.8218875,4.7563224,3.4749975,0.029195204,0.61032385,0.021794744,-0.35929644,1.8483638
