steering_range,lower_bound_1,lower_bound_2,lower_bound_3,lower_bound_4,lower_bound_5,lower_bound_6,lower_bound_7,lower_bound_8,upper_bound_1,upper_bound_2,upper_bound_3,upper_bound_4,upper_bound_5,upper_bound_6,upper_bound_7,upper_bound_8
-0.40 to -0.15,-4.0364313,-4.7689323,-1.8514564,-2.444134,-2.5463278,-3.247006,-1.6796106,0.21145134,-0.2586457,-0.058195278,2.6532295,3.2334056,1.1477143,0.76944184,3.1626346,6.090479
-0.15 to 0.15,-4.2256365,-5.1590276,-2.8876307,-3.7999823,-5.180635,-3.6856475,-1.6218183,-1.4001602,2.0931633,0.7577498,4.1214457,3.435003,1.2308983,2.605569,4.1597767,5.8210487
0.15 to 0.40,-3.7971966,-3.8335106,-0.6545932,-1.4220239,-3.613923,0.50455,-0.9311083,0.5475905,-0.5691194,-0.40094042,3.7515273,1.6772904,-1.4503706,2.5357594,3.0232763,2.4703054
