steering_range,lower_bound_1,lower_bound_2,lower_bound_3,lower_bound_4,lower_bound_5,lower_bound_6,lower_bound_7,lower_bound_8,upper_bound_1,upper_bound_2,upper_bound_3,upper_bound_4,upper_bound_5,upper_bound_6,upper_bound_7,upper_bound_8
-0.40 to -0.15,-3.1355312,-1.3993369,1.4157591,1.0119277,-1.7039154,-3.6259904,-2.7887676,-1.0049511,-1.5840234,3.1009908,3.5597916,4.868599,1.8226523,-1.9730463,-0.7089693,3.855298
-0.15 to 0.15,-4.2873597,-1.4446514,0.14854562,-1.7628365,-3.9463139,-6.118374,-5.5590024,-1.5599184,1.4857919,3.834699,5.1437683,5.232336,1.749811,0.5023156,0.9053999,4.2805862
0.15 to 0.40,-2.7550015,-0.9936867,0.860946,1.845513,-2.5951078,-3.368592,-2.5144267,-1.4075513,-0.9408407,3.483058,2.853734,4.091589,-0.57518184,-1.1503891,-1.0198451,3.092763
