steering_range,lower_bound_1,lower_bound_2,lower_bound_3,lower_bound_4,lower_bound_5,lower_bound_6,lower_bound_7,lower_bound_8,upper_bound_1,upper_bound_2,upper_bound_3,upper_bound_4,upper_bound_5,upper_bound_6,upper_bound_7,upper_bound_8
-0.40 to -0.15,-0.22619167,-3.106084,1.4726938,0.24153697,-4.2495184,-1.8391683,-5.4771013,1.4445174,1.5376643,0.14119263,7.1190844,3.2876127,-0.264073,1.5092596,-1.3456888,3.5664432
-0.15 to 0.15,-5.6585646,-4.36473,-0.54583424,-1.2170349,-5.491792,-5.8706117,-6.446821,-2.0144498,0.9138689,0.24961945,7.077789,4.1002088,0.616984,1.3614875,0.121635005,5.69087
0.15 to 0.40,-2.7783802,-1.049844,2.1126888,-1.5876296,-3.7701046,-5.2526174,-4.4422817,0.74590915,-1.2418557,0.48999342,3.496671,-0.3645283,-1.6602587,0.31347573,-2.3986318,3.686468
