steering_range,lower_bound_1,lower_bound_2,lower_bound_3,lower_bound_4,lower_bound_5,lower_bound_6,lower_bound_7,lower_bound_8,upper_bound_1,upper_bound_2,upper_bound_3,upper_bound_4,upper_bound_5,upper_bound_6,upper_bound_7,upper_bound_8
-0.40 to -0.15,-3.2328892,0.5603408,-4.9945507,-1.4372034,0.51017183,-1.7224822,0.09887598,0.30512062,1.5847297,2.6855955,-1.770007,0.56171185,4.74382,0.39968795,2.5124774,3.603839
-0.15 to 0.15,-4.1714916,0.40610734,-5.138932,-1.4223876,-0.6331448,-4.3446455,-1.518903,-0.29932606,1.5661334,3.784217,-0.13797827,4.8750625,4.4188724,1.6340948,3.6506078,4.6991763
0.15 to 0.40,-1.2249547,0.26086575,-4.4692063,0.46274677,0.857169,-1.8123996,-1.6417236,1.9314226,0.74043304,1.3411623,-2.3088903,2.1795993,4.0100713,1.3394604,0.9416014,3.0747895
