steering_range,lower_bound_1,lower_bound_2,lower_bound_3,lower_bound_4,lower_bound_5,lower_bound_6,lower_bound_7,lower_bound_8,upper_bound_1,upper_bound_2,upper_bound_3,upper_bound_4,upper_bound_5,upper_bound_6,upper_bound_7,upper_bound_8
-0.40 to -0.15,-5.070845,0.4955757,-3.5172267,-3.39882,-3.3012195,-1.1356245,-2.5780067,-2.7675579,-0.3765373,4.380245,1.3917147,0.38343227,1.530287,1.8815583,3.303438,2.9814582
-0.15 to 0.15,-5.02359,-1.6084915,-3.3820903,-3.762424,-4.378331,-0.81864196,-2.5465112,-2.3970523,0.90492964,4.3759193,2.2614741,2.2669244,1.5388516,4.146409,3.9887078,4.7876034
0.15 to 0.40,-3.4499147,-0.7943405,-1.803526,-3.4004843,-2.3625693,2.2335005,-1.8423549,-0.8063781,-0.3213956,3.8042603,2.3411949,-0.39345726,0.18011162,4.074808,1.693188,1.9548763
