steering_range,lower_bound_1,lower_bound_2,lower_bound_3,lower_bound_4,lower_bound_5,lower_bound_6,lower_bound_7,lower_bound_8,upper_bound_1,upper_bound_2,upper_bound_3,upper_bound_4,upper_bound_5,upper_bound_6,upper_bound_7,upper_bound_8
-0.40 to 0.00,-4.2873597,-1.4446514,0.44194022,-1.7628365,-3.6516125,-6.1082373,-3.55771,-1.4508142,1.0915115,3.6527677,5.1437683,5.232336,1.8226523,-1.397096,0.5921578,4.2805862
0.00 to 0.40,-4.2367916,-1.4352131,0.14854562,0.6849123,-3.9463139,-6.118374,-5.5590024,-1.5599184,1.4857919,3.834699,3.7630613,4.513163,0.2398772,0.5023156,0.9053999,3.9086006
