steering_range,lower_bound_1,lower_bound_2,lower_bound_3,lower_bound_4,lower_bound_5,lower_bound_6,lower_bound_7,lower_bound_8,upper_bound_1,upper_bound_2,upper_bound_3,upper_bound_4,upper_bound_5,upper_bound_6,upper_bound_7,upper_bound_8
-0.40 to 0.00,-3.6616373,-2.0428367,-3.648589,-2.5771,-2.8665793,-3.1302414,-1.0776144,-1.2545929,0.2530874,2.7454858,0.8878236,1.4985946,1.5418315,0.48278552,2.955934,3.0975246
0.00 to 0.40,-3.887746,-2.5384767,-2.8543746,-2.582463,-3.0247355,-2.8531194,-0.6215875,-2.0015693,0.14551859,1.9158047,1.9623826,1.8267146,0.35828337,0.45804977,3.100926,2.068541
