steering_range,lower_bound_1,lower_bound_2,lower_bound_3,lower_bound_4,lower_bound_5,lower_bound_6,lower_bound_7,lower_bound_8,upper_bound_1,upper_bound_2,upper_bound_3,upper_bound_4,upper_bound_5,upper_bound_6,upper_bound_7,upper_bound_8
-0.40 to 0.00,-2.240733,-4.609988,-0.46641645,-2.1365416,-1.5099105,-0.8167382,-4.3589625,-4.471533,4.2138987,2.5658422,6.0868626,3.5972724,3.3729377,3.367247,-1.0238461,0.7035377
0.00 to 0.40,-1.2707596,-2.8338237,0.033203885,-1.399998,-1.6490757,-0.991409,-2.701126,-4.3507156,4.1610003,2.1802073,5.3802404,3.8493345,4.3453336,3.8848913,2.068442,0.5053625
