steering_range,lower_bound_1,lower_bound_2,lower_bound_3,lower_bound_4,lower_bound_5,lower_bound_6,lower_bound_7,lower_bound_8,upper_bound_1,upper_bound_2,upper_bound_3,upper_bound_4,upper_bound_5,upper_bound_6,upper_bound_7,upper_bound_8
-0.40 to 0.00,-4.1714916,0.5462585,-5.08376,-1.4372034,-0.6331448,-4.3446455,-0.7831923,-0.29932606,1.5847297,3.5867665,-1.1553245,4.8750625,4.74382,0.5232241,3.6506078,4.684306
0.00 to 0.40,-3.2890098,0.26086575,-5.138932,-0.23497337,-0.3398117,-3.481281,-1.6417236,0.8991976,1.1826926,3.784217,-0.13797827,3.1883438,4.0100713,1.6340948,2.9443645,4.6991763
