steering_range,lower_bound_1,lower_bound_2,lower_bound_3,lower_bound_4,lower_bound_5,lower_bound_6,lower_bound_7,lower_bound_8,upper_bound_1,upper_bound_2,upper_bound_3,upper_bound_4,upper_bound_5,upper_bound_6,upper_bound_7,upper_bound_8
-0.40 to 0.00,-5.070845,-1.6084915,-3.5172267,-3.39882,-4.378331,-1.1356245,-2.5780067,-2.7675579,0.31305808,4.380245,1.3917147,2.2669244,1.5388516,2.8900204,3.7412083,4.7876034
0.00 to 0.40,-4.5158467,-1.5878892,-3.2419918,-3.762424,-4.375204,-0.4220544,-1.8423549,-1.8963166,0.90492964,4.3144593,2.3411949,2.2033868,0.9668449,4.146409,3.9887078,2.9817765
