steering_range,lower_bound_1,lower_bound_2,lower_bound_3,lower_bound_4,lower_bound_5,lower_bound_6,lower_bound_7,lower_bound_8,upper_bound_1,upper_bound_2,upper_bound_3,upper_bound_4,upper_bound_5,upper_bound_6,upper_bound_7,upper_bound_8
-0.40 to 0.00,-4.2256365,-5.1590276,-1.8514564,-3.7999823,-2.5553656,-3.6856475,-1.6796106,-1.4001602,2.0931633,0.13211355,3.8785005,3.435003,1.2308983,1.670927,3.8998141,6.090479
0.00 to 0.40,-3.7971966,-4.713353,-2.8876307,-3.581056,-5.180635,-2.7110353,-1.0591166,0.44600612,2.0003858,0.7577498,4.1214457,2.339935,0.1578061,2.605569,4.1597767,4.4528217
